OUPrincipales;OUServices
OU_Departement;OU_Service
OU_ComRPublique;OU_ComInt
OU_ComRPublique;OU_RelaMedia
OU_ComRPublique;OU_GesMar
OU_ComRPublique;OU_Externe
OU_DptJur;OU_DroitsSo
OU_DptJur;OU_ProtecDon
OU_DptJur;OU_PropInt
OU_DptJur;OU_Externe
OU_DvlpLog;OU_AnaCon
OU_DvlpLog;OU_Dev
OU_DvlpLog;OU_RechPro
OU_DvlpLog;OU_TestQ
OU_DvlpLog;OU_Externe
OU_Dir
OU_DSI;OU_AdminSyst
OU_DSI;OU_DevInt
OU_DSI;OU_Expl
OU_DSI;OU_Support
OU_DSI;OU_Externe
OU_FinCom;OU_Finance
OU_FinCom;OU_Fiscalit
OU_FinCom;OU_Compta
OU_FinCom;OU_Externe
OU_QHSE;OU_Certif
OU_QHSE;OU_ControleQ
OU_QHSE;OU_GestEnv
OU_QHSE;OU_Externe
OU_ServCom;OU_ADV
OU_ServCom;OU_B2B
OU_ServCom;OU_ServAchat
OU_ServCom;OU_ServClient
OU_ServCom;OU_Externe
OU_Recru